{
  "arabica": [
    {
      "foto": "images/produk/product_capuchino.jpg",
      "nama": "Cappuccino Arabica",
      "size": "500 Gram",
      "harga": "200.000",
      "link": "https://www.google.com/search?q=cappuccino+arabica&tbm=shop"
    },
    {
      "foto": "images/produk/product_espresso.jpg",
      "nama": "Pahit Arabica",
      "size": "100 Gram",
      "harga": "100.000",
      "link": "https://www.google.com/search?q=pahit+arabica&tbm=shop"
    },
    {
      "foto": "images/produk/product_latte.jpg",
      "nama": "Latte Arabica",
      "size": "150 Gram",
      "harga": "150.000",
      "link": "https://www.google.com/search?q=latte+arabica&tbm=shop"
    }
  ],
  "robusta": [
    {
      "foto": "images/produk/product_kopi_susu.jpg",
      "nama": "Kopsus Robusta",
      "size": "100 Gram",
      "harga": "80.000",
      "link": "https://www.google.com/search?q=kopi+susu+robusta&tbm=shop"
    },
    {
      "foto": "images/produk/product_latte.jpg",
      "nama": "Latte Robusta",
      "size": "150 Gram",
      "harga": "150.000",
      "link": "https://www.google.com/search?q=latte+robusta&tbm=shop"
    },
    {
      "nama": "Kopi Robusta Lampung",
      "size": "100 ml",
      "harga": "10.000",
      "link": "#",
      "foto": "https://encrypted-tbn0.gstatic.com/images?q=tbn:ANd9GcSqmt5h9uJttiMjgVhNmdxDwWVgBofjmcUg1ZrWm_36z8_mwVl1MpeJtHI&s=10"
    }
  ],
  "gorengan": [
    {
      "nama": "Nama produk",
      "size": "100ml",
      "harga": "10.000",
      "link": "#",
      "foto": "https://encrypted-tbn0.gstatic.com/images?q=tbn:ANd9GcSrRKFWz1dlvxYiXdl_3csFU1fZwQg2vZuoIQQy1YV18lcL1xQ2lmmXwAXd&s=10"
    },
    {
      "nama": "Kentang Goreng",
      "size": "1 porsi",
      "harga": "10.000",
      "link": "#",
      "foto": "https://encrypted-tbn0.gstatic.com/images?q=tbn:ANd9GcTMIQRutnzAMLLVvg_SaRy0BTBAmiOfbo_1zFGuor8M_LKWy9Kn0xeCjCvD&s=10"
    },
    {
      "nama": "Tempe Goreng",
      "size": "1 Porsi",
      "harga": "10.000",
      "link": "#",
      "foto": "https://o-cdn-cas.sirclocdn.com/parenting/original_images/Resep_Tempe_Goreng_Mendoan.jpg"
    }
  ],
  "nonkopi": [
    {
      "nama": "Teh",
      "size": "100ml",
      "harga": "10.000",
      "link": "#",
      "foto": "https://encrypted-tbn0.gstatic.com/images?q=tbn:ANd9GcQ5FFH_XbCMkoBH1HulEuPjk8SGvsHy5vgC_qGs6evbn3KJ7RB9_n0O9v0&s=10"
    },
    {
      "nama": "Susu",
      "size": "100 ml",
      "harga": "10.000",
      "link": "#",
      "foto": "https://encrypted-tbn0.gstatic.com/images?q=tbn:ANd9GcQDwCqjLf82VRlHKMLGbOK1MhHf24CrCXYOFvLegBxYVKGud2C51dhzxzX1&s=10"
    },
    {
      "nama": "Ice Cream",
      "size": "100 ml",
      "harga": "10.000",
      "link": "#",
      "foto": "https://upload.wikimedia.org/wikipedia/commons/thumb/2/2e/Ice_cream_with_whipped_cream%2C_chocolate_syrup%2C_and_a_wafer_%28cropped%29.jpg/640px-Ice_cream_with_whipped_cream%2C_chocolate_syrup%2C_and_a_wafer_%28cropped%29.jpg"
    }
  ]
}